strain_name,biotic_relationship,specific_host,project_name,Isolate,env_material,IsolateNum,SampleState,SamplePlot,SampleRep,SampleID,Media,Reps.denominator,Morpho2
Canker_108,endophyte,Juglans_nigra,Jn_endosphere_2020,GW_Cank20_108,Canker,108,WA,SW,2,WA-SW-2,1/2PDA++,5,CM-37
Canker_109,endophyte,Juglans_nigra,Jn_endosphere_2020,GW_Cank20_109,Canker,109,IN,SW,1,IN-SW-1,1/2PDA++,5,CM-38
Canker_113,endophyte,Juglans_nigra,Jn_endosphere_2020,GW_Cank20_113,Canker,113,WA,SW,4,WA-SW-4,1/2PDA++,3,CM-39
Canker_119,endophyte,Juglans_nigra,Jn_endosphere_2020,GW_Cank20_119,Canker,119,WA,SE,13,WA-SE-13,1/2PDA++,5,CM-40
Canker_12,endophyte,Juglans_nigra,Jn_endosphere_2020,GW_Cank20_12,Canker,12,IN,NE,3,IN-NE-3,1/2PDA++,5,CM-3
Canker_121,endophyte,Juglans_nigra,Jn_endosphere_2020,GW_Cank20_121,Canker,121,WA,SE,6,WA-SE-6,1/2PDA++,5,CM-41
Canker_122,endophyte,Juglans_nigra,Jn_endosphere_2020,GW_Cank20_122,Canker,122,WA,SE,6,WA-SE-6,1/2PDA++,5,CM-42
Canker_128,endophyte,Juglans_nigra,Jn_endosphere_2020,GW_Cank20_128,Canker,128,IN,NE,1,IN-NE-1,1/2PDA++,5,CM-43
Canker_138,endophyte,Juglans_nigra,Jn_endosphere_2020,GW_Cank20_138,Canker,138,WA,N,3,WA-N-3,1/2PDA++,3,CM-45
Canker_148,endophyte,Juglans_nigra,Jn_endosphere_2020,GW_Cank20_148,Canker,148,WA,N,5,WA-N-5,1/2PDA++,3,CM-46
Canker_151,endophyte,Juglans_nigra,Jn_endosphere_2020,GW_Cank20_151,Canker,151,WA,SE,9,WA-SE-9,1/2PDA++,5,CM-47
Canker_156,endophyte,Juglans_nigra,Jn_endosphere_2020,GW_Cank20_156,Canker,156,WA,N,17,WA-N-17,1/2PDA++,5,CM-48
Canker_16,endophyte,Juglans_nigra,Jn_endosphere_2020,GW_Cank20_16,Canker,16,WA,SW,1,WA-SW-1,1/2PDA++,5,CM-15
Canker_18,endophyte,Juglans_nigra,Jn_endosphere_2020,GW_Cank20_18,Canker,18,WA,N,8,WA-N-8,1/2PDA++,4,CM-8
Canker_19,endophyte,Juglans_nigra,Jn_endosphere_2020,GW_Cank20_19,Canker,19,WA,N,7,WA-N-7,1/2PDA++,5,CM-25
Canker_23,endophyte,Juglans_nigra,Jn_endosphere_2020,GW_Cank20_23,Canker,23,IN,SW,4,IN-SW-4,1/2PDA++,5,CM-5
Canker_26,endophyte,Juglans_nigra,Jn_endosphere_2020,GW_Cank20_26,Canker,26,WA,SW,6,WA-SW-6,1/2PDA++,3,CM-22
Canker_28,endophyte,Juglans_nigra,Jn_endosphere_2020,GW_Cank20_28,Canker,28,WA,SE,1,WA-SE-1,1/2PDA++,3,CM-14
Canker_31,endophyte,Juglans_nigra,Jn_endosphere_2020,GW_Cank20_31,Canker,31,WA,SW,9,WA-SW-9,1/2PDA++,3,CM-21
Canker_32,endophyte,Juglans_nigra,Jn_endosphere_2020,GW_Cank20_32,Canker,32,IN,NE,11,IN-NE-11,1/2PDA++,5,CM-9
Canker_35,endophyte,Juglans_nigra,Jn_endosphere_2020,GW_Cank20_35,Canker,35,WA,SE,15,WA-SE-15,1/2PDA++,5,CM-27
Canker_46,endophyte,Juglans_nigra,Jn_endosphere_2020,GW_Cank20_46,Canker,46,WA,N,1,WA-N-1,1/2PDA++,5,CM-3
Canker_51,endophyte,Juglans_nigra,Jn_endosphere_2020,GW_Cank20_51,Canker,51,IN,NE,17,IN-NE-17,1/2PDA++,5,CM-9
Canker_54,endophyte,Juglans_nigra,Jn_endosphere_2020,GW_Cank20_54,Canker,54,WA,N,14,WA-N-14,1/2PDA++,2,CM-12
Canker_56,endophyte,Juglans_nigra,Jn_endosphere_2020,GW_Cank20_56,Canker,56,WA,N,2,WA-N-2,1/2PDA++,4,CM-24
Canker_6,endophyte,Juglans_nigra,Jn_endosphere_2020,GW_Cank20_6,Canker,6,WA,N,9,WA-N-9,1/2PDA++,5,CM-10
Canker_62,endophyte,Juglans_nigra,Jn_endosphere_2020,GW_Cank20_62,Canker,62,IN,NE,7,IN-NE-7,1/2PDA++,5,CM-26
Canker_64,endophyte,Juglans_nigra,Jn_endosphere_2020,GW_Cank20_64,Canker,64,IN,NE,13,IN-NE-13,1/2PDA++,5,CM-4
Canker_69,endophyte,Juglans_nigra,Jn_endosphere_2020,GW_Cank20_69,Canker,69,IN,SW,14,IN-SW-14,1/2PDA++,5,CM-7
Canker_7,endophyte,Juglans_nigra,Jn_endosphere_2020,GW_Cank20_7,Canker,7,WA,SW,10,WA-SW-10,1/2PDA++,3,CM-17
Canker_73,endophyte,Juglans_nigra,Jn_endosphere_2020,GW_Cank20_73,Canker,73,IN,SW,15,IN-SW-15,1/2PDA++,5,CM-5
Canker_76,endophyte,Juglans_nigra,Jn_endosphere_2020,GW_Cank20_76,Canker,76,WA,SE,8,WA-SE-8,1/2PDA++,5,CM-23
Canker_78,endophyte,Juglans_nigra,Jn_endosphere_2020,GW_Cank20_78,Canker,78,IN,NE,16,IN-NE-16,1/2PDA++,4,CM-29
Canker_80,endophyte,Juglans_nigra,Jn_endosphere_2020,GW_Cank20_80,Canker,80,WA,SE,20,WA-SE-20,1/2PDA++,3,CM-31
Canker_81,endophyte,Juglans_nigra,Jn_endosphere_2020,GW_Cank20_81,Canker,81,WA,SE,20,WA-SE-20,1/2PDA++,3,CM-32
Canker_85,endophyte,Juglans_nigra,Jn_endosphere_2020,GW_Cank20_85,Canker,85,WA,N,18,WA-N-18,1/2PDA++,3,CM-34
Root_118,endophyte,Juglans_nigra,Jn_endosphere_2020,GW_Cank20_118,Canker,118,WA,SE,13,WA-SE-13,1/2PDA++,5,CM-36
Root_119,endophyte,Juglans_nigra,Jn_endosphere_2020,GW_Cank20_119,Canker,119,WA,SE,13,WA-SE-13,1/2PDA++,5,CM-40
Root_120,endophyte,Juglans_nigra,Jn_endosphere_2020,GW_Cank20_120,Canker,120,WA,SE,13,WA-SE-13,1/2PDA++,5,CM-32
Root_121,endophyte,Juglans_nigra,Jn_endosphere_2020,GW_Cank20_121,Canker,121,WA,SE,6,WA-SE-6,1/2PDA++,5,CM-41
Root_122,endophyte,Juglans_nigra,Jn_endosphere_2020,GW_Cank20_122,Canker,122,WA,SE,6,WA-SE-6,1/2PDA++,5,CM-42
Root_124,endophyte,Juglans_nigra,Jn_endosphere_2020,GW20_124,Root,124,WA,N,12,WA-N-12,1/2PDA++,10,WA-2-6
Root_125,endophyte,Juglans_nigra,Jn_endosphere_2020,GW20_125,Root,125,WA,N,12,WA-N-12,1/2PDA++,10,WA-2-7
Root_128,endophyte,Juglans_nigra,Jn_endosphere_2020,GW20_128,Root,128,IN,SW,12,IN-SW-12,Armillaria,10,IN-2-6
Root_129,endophyte,Juglans_nigra,Jn_endosphere_2020,GW20_129,Root,129,WA,N,1,WA-N-1,1/2PDA++,10,WA-2-8
Root_13,endophyte,Juglans_nigra,Jn_endosphere_2020,GW20_13,Root,13,IN,NE,7,IN-NE-7,1/2PDA++,10,IN-1-1
Root_132,endophyte,Juglans_nigra,Jn_endosphere_2020,GW20_132,Root,132,WA,N,1,WA-N-1,Armillaria,10,WA-2-10
Root_137,endophyte,Juglans_nigra,Jn_endosphere_2020,GW20_137,Root,137,WA,N,11,WA-N-11,1/2PDA++,10,WA-2-11
Root_143,endophyte,Juglans_nigra,Jn_endosphere_2020,GW20_143,Root,143,WA,N,11,WA-N-11,GYRBA,10,WA-2-12
Root_151,endophyte,Juglans_nigra,Jn_endosphere_2020,GW20_151,Root,151,WA,N,2,WA-N-2,Armillaria,10,WA-2-13
Root_162,endophyte,Juglans_nigra,Jn_endosphere_2020,GW20_162,Root,162,WA,SE,16,WA-SE-16,SFA,10,WA-2-14
Root_165,endophyte,Juglans_nigra,Jn_endosphere_2020,GW20_165,Root,165,IN,NE,5,IN-NE-5,1/2PDA++,10,Single
Root_166,endophyte,Juglans_nigra,Jn_endosphere_2020,GW20_166,Root,166,IN,NE,5,IN-NE-5,1/2PDA++,10,Single
Root_169,endophyte,Juglans_nigra,Jn_endosphere_2020,GW20_169,Root,169,IN,NE,5,IN-NE-5,GYRBA,10,IN-3-1
Root_175,endophyte,Juglans_nigra,Jn_endosphere_2020,GW20_175,Root,175,WA,SW,2,WA-SW-2,Armillaria,10,WA-3-1
Root_185,endophyte,Juglans_nigra,Jn_endosphere_2020,GW20_185,Root,185,WA,SW,5,WA-SW-5,GYRBA,10,WA-3-5
Root_190,endophyte,Juglans_nigra,Jn_endosphere_2020,GW20_190,Root,190,WA,N,16,WA-N-16,GYRBA,10,WA-3-7
Root_191,endophyte,Juglans_nigra,Jn_endosphere_2020,GW20_191,Root,191,WA,N,16,WA-N-16,GYRBA,10,WA-3-3
Root_193,endophyte,Juglans_nigra,Jn_endosphere_2020,GW20_193,Root,193,WA,SW,6,WA-SW-6,1/2PDA++,10,Single
Root_196,endophyte,Juglans_nigra,Jn_endosphere_2020,GW20_196,Root,196,WA,SW,6,WA-SW-6,1/2PDA++,10,WA-3-8
Root_202,endophyte,Juglans_nigra,Jn_endosphere_2020,GW20_202,Root,202,WA,SW,6,WA-SW-6,GYRBA,10,WA-3-9
Root_209,endophyte,Juglans_nigra,Jn_endosphere_2020,GW20_209,Root,209,IN,SW,4,IN-SW-4,GYRBA,10,IN-3-5
Root_210,endophyte,Juglans_nigra,Jn_endosphere_2020,GW20_210,Root,210,IN,SW,4,IN-SW-4,Armillaria,10,IN-3-6
Root_213,endophyte,Juglans_nigra,Jn_endosphere_2020,GW20_213,Root,213,IN,SW,4,IN-SW-4,Armillaria,10,IN-3-8
Root_214,endophyte,Juglans_nigra,Jn_endosphere_2020,GW20_214,Root,214,IN,SW,4,IN-SW-4,Armillaria,10,IN-3-9
Root_220,endophyte,Juglans_nigra,Jn_endosphere_2020,GW20_220,Root,220,WA,SE,4,WA-SE-4,1/2PDA++,10,WA-3-11
Root_225,endophyte,Juglans_nigra,Jn_endosphere_2020,GW20_225,Root,225,WA,N,11,WA-N-11,Armillaria,10,WA-3-6
Root_228,endophyte,Juglans_nigra,Jn_endosphere_2020,GW20_228,Root,228,WA,N,11,WA-N-11,GYRBA,10,WA-3-14-1
Root_23,endophyte,Juglans_nigra,Jn_endosphere_2020,GW20_23,Root,23,IN,SW,3,IN-SW-3,1/2PDA++,10,IN-1-3
Root_24,endophyte,Juglans_nigra,Jn_endosphere_2020,GW20_24,Root,24,IN,SW,3,IN-SW-3,Armillaria,10,IN-1-4
Root_252,endophyte,Juglans_nigra,Jn_endosphere_2020,GW20_252,Root,252,IN,NE,6,IN-NE-6,GYRBA,10,IN-3-12
Root_256,endophyte,Juglans_nigra,Jn_endosphere_2020,GW20_256,Root,256,WA,N,8,WA-N-8,GYRBA,10,Single
Root_257,endophyte,Juglans_nigra,Jn_endosphere_2020,GW20_257,Root,257,WA,N,8,WA-N-8,MSJ,10,WA-3-14-2
Root_258,endophyte,Juglans_nigra,Jn_endosphere_2020,GW20_258,Root,258,IN,SW,2,IN-SW-2,GYRBA,10,IN-3-15
Root_259,endophyte,Juglans_nigra,Jn_endosphere_2020,GW20_259,Root,259,IN,SW,2,IN-SW-2,GYRBA,10,Single
Root_260,endophyte,Juglans_nigra,Jn_endosphere_2020,GW20_260,Root,260,IN,SW,2,IN-SW-2,GYRBA,10,IN-3-16
Root_263,endophyte,Juglans_nigra,Jn_endosphere_2020,GW20_263,Root,263,IN,SW,2,IN-SW-2,1/2PDA++,10,IN-3-17
Root_267,endophyte,Juglans_nigra,Jn_endosphere_2020,GW20_267,Root,267,IN,SW,2,IN-SW-2,1/2PDA++,10,IN-3-17
Root_269,endophyte,Juglans_nigra,Jn_endosphere_2020,GW20_269,Root,269,IN,SW,2,IN-SW-2,Armillaria,10,IN-3-4
Root_270,endophyte,Juglans_nigra,Jn_endosphere_2020,GW20_270,Root,270,IN,SW,2,IN-SW-2,SFA,10,IN-3-2
Root_277,endophyte,Juglans_nigra,Jn_endosphere_2020,GW20_277,Root,277,IN,NE,13,IN-NE-13,GYRBA,10,IN-3-21
Root_278,endophyte,Juglans_nigra,Jn_endosphere_2020,GW20_278,Root,278,IN,NE,13,IN-NE-13,GYRBA,10,IN-3-22
Root_281,endophyte,Juglans_nigra,Jn_endosphere_2020,GW20_281,Root,281,WA,SE,17,WA-SE-17,1/2PDA++,10,WA-3-18-1
Root_282,endophyte,Juglans_nigra,Jn_endosphere_2020,GW20_282,Root,282,WA,N,12,WA-N-12,Armillaria,10,WA-3-16
Root_283,endophyte,Juglans_nigra,Jn_endosphere_2020,GW20_283,Root,283,IN,NE,17,IN-NE-17,Armillaria,10,IN-3-24
Root_289,endophyte,Juglans_nigra,Jn_endosphere_2020,GW20_289,Root,289,WA,N,12,WA-N-12,SFA,10,WA-3-20
Root_291,endophyte,Juglans_nigra,Jn_endosphere_2020,GW20_291,Root,291,IN,NE,7,IN-NE-7,1/2PDA++,10,IN-3-19
Root_293,endophyte,Juglans_nigra,Jn_endosphere_2020,GW20_293,Root,293,WA,SW,9,WA-SW-9,1/2PDA++,10,WA-3-15
Root_294,endophyte,Juglans_nigra,Jn_endosphere_2020,GW20_294,Root,294,WA,N,7,WA-N-7,1/2PDA++,10,WA-3-10
Root_296,endophyte,Juglans_nigra,Jn_endosphere_2020,GW20_296,Root,296,WA,N,7,WA-N-7,1/2PDA++,10,WA-3-20
Root_297,endophyte,Juglans_nigra,Jn_endosphere_2020,GW20_297,Root,297,WA,SE,1,WA-SE-1,GYRBA,10,WA-3-4
Root_298,endophyte,Juglans_nigra,Jn_endosphere_2020,GW20_298,Root,298,WA,SE,3,WA-SE-3,MSJ,10,WA-3-18-2
Root_3,endophyte,Juglans_nigra,Jn_endosphere_2020,GW20_3,Root,3,WA,SE,3,WA-SE-3,1/2PDA++,10,WA-1-3
Root_312,endophyte,Juglans_nigra,Jn_endosphere_2020,GW20_312,Root,312,IN,SW,1,IN-SW-1,GYRBA,10,Single
Root_313,endophyte,Juglans_nigra,Jn_endosphere_2020,GW20_313,Root,313,IN,SW,1,IN-SW-1,GYRBA,10,IN-4-4
Root_314,endophyte,Juglans_nigra,Jn_endosphere_2020,GW20_314,Root,314,WA,SW,8,WA-SW-8,GYRBA,10,WA-4-4
Root_318,endophyte,Juglans_nigra,Jn_endosphere_2020,GW20_318,Root,318,WA,SW,8,WA-SW-8,GYRBA,10,WA-4-6
Root_319,endophyte,Juglans_nigra,Jn_endosphere_2020,GW20_319,Root,319,WA,SW,8,WA-SW-8,1/2PDA++,10,Single
Root_322,endophyte,Juglans_nigra,Jn_endosphere_2020,GW20_322,Root,322,WA,SW,8,WA-SW-8,1/2PDA++,10,WA-4-3
Root_329,endophyte,Juglans_nigra,Jn_endosphere_2020,GW20_329,Root,329,IN,NE,2,IN-NE-2,GYRBA,10,IN-4-2
Root_357,endophyte,Juglans_nigra,Jn_endosphere_2020,GW20_357,Root,357,IN,SW,1,IN-SW-1,MSJ,10,Single
Root_365,endophyte,Juglans_nigra,Jn_endosphere_2020,GW20_365,Root,365,WA,SW,4,WA-SW-4,1/2PDA++,10,WA-4-1
Root_367,endophyte,Juglans_nigra,Jn_endosphere_2020,GW20_367,Root,367,IN,NE,2,IN-NE-2,SFA,10,IN-4-8
Root_368,endophyte,Juglans_nigra,Jn_endosphere_2020,GW20_368,Root,368,IN,NE,2,IN-NE-2,MSJ,10,Single
Root_373,endophyte,Juglans_nigra,Jn_endosphere_2020,GW20_373,Root,373,WA,SE,11,WA-SE-11,GYRBA,10,WA-4-2
Root_377,endophyte,Juglans_nigra,Jn_endosphere_2020,GW20_377,Root,377,WA,N,7,WA-N-7,Armillaria,10,WA-5-1
Root_378,endophyte,Juglans_nigra,Jn_endosphere_2020,GW20_378,Root,378,WA,SW,9,WA-SW-9,GYRBA,10,WA-5-2
Root_379,endophyte,Juglans_nigra,Jn_endosphere_2020,GW20_379,Root,379,WA,SW,9,WA-SW-9,GYRBA,10,WA-5-2
Root_380,endophyte,Juglans_nigra,Jn_endosphere_2020,GW20_380,Root,380,WA,SE,7,WA-SE-7,GYRBA,10,WA-5-3
Root_382,endophyte,Juglans_nigra,Jn_endosphere_2020,GW20_382,Root,382,WA,SE,8,WA-SE-8,GYRBA,10,WA-5-4
Root_383,endophyte,Juglans_nigra,Jn_endosphere_2020,GW20_383,Root,383,WA,SE,8,WA-SE-8,Armillaria,10,WA-5-5
Root_384,endophyte,Juglans_nigra,Jn_endosphere_2020,GW20_384,Root,384,WA,N,1,WA-N-1,GYRBA,10,WA-5-6
Root_387,endophyte,Juglans_nigra,Jn_endosphere_2020,GW20_387,Root,387,IN,NE,12,IN-NE-12,MSJ,10,IN-5-1
Root_389,endophyte,Juglans_nigra,Jn_endosphere_2020,GW20_389,Root,389,WA,SE,15,WA-SE-15,MSJ,10,WA-5-8
Root_39,endophyte,Juglans_nigra,Jn_endosphere_2020,GW20_39,Root,39,IN,NE,8,IN-NE-8,GYRBA,10,IN-1-7
Root_390,endophyte,Juglans_nigra,Jn_endosphere_2020,GW20_390,Root,390,WA,SW,9,WA-SW-9,MSJ,10,WA-5-9
Root_391,endophyte,Juglans_nigra,Jn_endosphere_2020,GW20_391,Root,391,WA,SE,15,WA-SE-15,MSJ,10,WA-5-10
Root_402,endophyte,Juglans_nigra,Jn_endosphere_2020,GW20_402,Root,402,WA,SE,14,WA-SE-14,GYRBA,10,WA-5-12
Root_404,endophyte,Juglans_nigra,Jn_endosphere_2020,GW20_404,Root,404,WA,NE,3,WA-NE-3,GYRBA,10,WA-5-13
Root_405,endophyte,Juglans_nigra,Jn_endosphere_2020,GW20_405,Root,405,WA,NE,3,WA-NE-3,MSJ,10,WA-5-7
Root_407,endophyte,Juglans_nigra,Jn_endosphere_2020,GW20_407,Root,407,WA,NE,3,WA-NE-3,MSJ,10,WA-5-15
Root_413,endophyte,Juglans_nigra,Jn_endosphere_2020,GW20_413,Root,413,WA,SW,19,WA-SW-19,GYRBA,10,WA-5-17
Root_416,endophyte,Juglans_nigra,Jn_endosphere_2020,GW20_416,Root,416,WA,SW,19,WA-SW-19,GYRBA,10,WA-5-19
Root_417,endophyte,Juglans_nigra,Jn_endosphere_2020,GW20_417,Root,417,WA,SW,19,WA-SW-19,GYRBA,10,WA-5-3
Root_42,endophyte,Juglans_nigra,Jn_endosphere_2020,GW20_42,Root,42,IN,NE,13,IN-NE-13,Armillaria,10,IN-1-9
Root_422,endophyte,Juglans_nigra,Jn_endosphere_2020,GW20_422,Root,422,WA,N,6,WA-N-6,MSJ,10,WA-5-23
Root_424,endophyte,Juglans_nigra,Jn_endosphere_2020,GW20_424,Root,424,WA,N,6,WA-N-6,GYRBA,10,WA-5-25
Root_426,endophyte,Juglans_nigra,Jn_endosphere_2020,GW20_426,Root,426,WA,N,6,WA-N-6,GYRBA,10,WA-5-14-2
Root_430,endophyte,Juglans_nigra,Jn_endosphere_2020,GW20_430,Root,430,WA,SE,13,WA-SE-13,GYRBA,10,WA-5-28
Root_432,endophyte,Juglans_nigra,Jn_endosphere_2020,GW20_432,Root,432,WA,SW,3,WA-SW-3,GYRBA,10,WA-5-30
Root_434,endophyte,Juglans_nigra,Jn_endosphere_2020,GW20_434,Root,434,WA,SW,7,WA-SW-7,GYRBA,10,WA-5-31
Root_437,endophyte,Juglans_nigra,Jn_endosphere_2020,GW20_437,Root,437,WA,SE,6,WA-SE-6,GYRBA,10,WA-5-32
Root_439,endophyte,Juglans_nigra,Jn_endosphere_2020,GW20_439,Root,439,WA,SW,12,WA-SW-12,1/2PDA++,10,WA-5-43
Root_44,endophyte,Juglans_nigra,Jn_endosphere_2020,GW20_44,Root,44,WA,SE,15,WA-SE-15,1/2PDA++,10,WA-1-5
Root_440,endophyte,Juglans_nigra,Jn_endosphere_2020,GW20_440,Root,440,WA,SW,12,WA-SW-12,1/2PDA++,10,WA-5-33
Root_447,endophyte,Juglans_nigra,Jn_endosphere_2020,GW20_447,Root,447,WA,SE,30-5,WA-SE-30-5,GYRBA,10,WA-5-35
Root_45,endophyte,Juglans_nigra,Jn_endosphere_2020,GW20_45,Root,45,WA,SE,15,WA-SE-15,1/2PDA++,10,WA-1-6
Root_452,endophyte,Juglans_nigra,Jn_endosphere_2020,GW20_452,Root,452,WA,N,3,WA-N-3,Armillaria,10,WA-5-37
Root_456,endophyte,Juglans_nigra,Jn_endosphere_2020,GW20_456,Root,456,WA,N,3,WA-N-3,1/2PDA++,10,WA-5-38
Root_457,endophyte,Juglans_nigra,Jn_endosphere_2020,GW20_457,Root,457,WA,N,3,WA-N-3,1/2PDA++,10,WA-5-39
Root_459,endophyte,Juglans_nigra,Jn_endosphere_2020,GW20_459,Root,459,WA,N,3,WA-N-3,Armillaria,10,WA-5-37
Root_464,endophyte,Juglans_nigra,Jn_endosphere_2020,GW20_464,Root,464,WA,SE,19,WA-SE-19,GYRBA,10,WA-5-41
Root_468,endophyte,Juglans_nigra,Jn_endosphere_2020,GW20_468,Root,468,WA,SE,19,WA-SE-19,GYRBA,10,WA-5-44
Root_472,endophyte,Juglans_nigra,Jn_endosphere_2020,GW20_472,Root,472,WA,N,3,WA-N-3,GYRBA,10,WA-5-45
Root_474,endophyte,Juglans_nigra,Jn_endosphere_2020,GW20_474,Root,474,WA,N,3,WA-N-3,GYRBA,10,WA-5-47
Root_475,endophyte,Juglans_nigra,Jn_endosphere_2020,GW20_475,Root,475,WA,N,3,WA-N-3,1/2PDA++,10,WA-5-15
Root_482,endophyte,Juglans_nigra,Jn_endosphere_2020,GW20_482,Root,482,IN,SW,5,IN-SW-5,GYRBA,10,IN-5-9
Root_485,endophyte,Juglans_nigra,Jn_endosphere_2020,GW20_485,Root,485,IN,SW,5,IN-SW-5,1/2PDA++,10,IN-5-10
Root_507,endophyte,Juglans_nigra,Jn_endosphere_2020,GW20_507,Root,507,WA,N,18,WA-N-18,GYRBA,10,WA-5-39
Root_509,endophyte,Juglans_nigra,Jn_endosphere_2020,GW20_509,Root,509,IN,SW,6,IN-SW-6,Armillaria,10,IN-5-6
Root_512,endophyte,Juglans_nigra,Jn_endosphere_2020,GW20_512,Root,512,IN,SW,15,IN-SW-15,MSJ,10,IN-6-1
Root_519,endophyte,Juglans_nigra,Jn_endosphere_2020,GW20_519,Root,519,WA,SW,6,WA-SW-6,MSJ,10,WA-6-4
Root_525,endophyte,Juglans_nigra,Jn_endosphere_2020,GW20_525,Root,525,IN,NE,6,IN-NE-6,SFA,10,IN-6-4
Root_535,endophyte,Juglans_nigra,Jn_endosphere_2020,GW20_535,Root,535,WA,N,16,WA-N-16,GYRBA,10,WA-6-10
Root_536,endophyte,Juglans_nigra,Jn_endosphere_2020,GW20_536,Root,536,WA,N,16,WA-N-16,GYRBA,10,WA-6-11
Root_537,endophyte,Juglans_nigra,Jn_endosphere_2020,GW20_537,Root,537,WA,SW,10,WA-SW-10,MSJ,10,WA-6-12
Root_542,endophyte,Juglans_nigra,Jn_endosphere_2020,GW20_542,Root,542,IN,SW,12,IN-SW-12,GYRBA,10,IN-6-8
Root_551,endophyte,Juglans_nigra,Jn_endosphere_2020,GW20_551,Root,551,WA,SE,19,WA-SE-19,GYRBA,10,WA-6-3
Root_554,endophyte,Juglans_nigra,Jn_endosphere_2020,GW20_554,Root,554,IN,SW,1,IN-SW-1,SFA,10,IN-6-11
Root_567,endophyte,Juglans_nigra,Jn_endosphere_2020,GW20_567,Root,567,WA,N,18,WA-N-18,MSJ,10,WA-7-4
Root_568,endophyte,Juglans_nigra,Jn_endosphere_2020,GW20_568,Root,568,WA,N,18,WA-N-18,MSJ,10,WA-7-5
Root_570,endophyte,Juglans_nigra,Jn_endosphere_2020,GW20_570,Root,570,WA,N,18,WA-N-18,MSJ,10,WA-7-7
Root_573,endophyte,Juglans_nigra,Jn_endosphere_2020,GW20_573,Root,573,IN,SW,9,IN-SW-9,GYRBA,10,IN-7-3
Root_575,endophyte,Juglans_nigra,Jn_endosphere_2020,GW20_575,Root,575,IN,SW,9,IN-SW-9,GYRBA,10,IN-7-18
Root_579,endophyte,Juglans_nigra,Jn_endosphere_2020,GW20_579,Root,579,IN,SW,12,IN-SW-12,1/2PDA++,10,IN-7-6
Root_581,endophyte,Juglans_nigra,Jn_endosphere_2020,GW20_581,Root,581,IN,NE,17,IN-NE-17,SFA,10,Single
Root_583,endophyte,Juglans_nigra,Jn_endosphere_2020,GW20_583,Root,583,WA,SW,6,WA-SW-6,GYRBA,10,WA-7-9
Root_584,endophyte,Juglans_nigra,Jn_endosphere_2020,GW20_584,Root,584,WA,N,2,WA-N-2,SFA,10,WA-7-10
Root_585,endophyte,Juglans_nigra,Jn_endosphere_2020,GW20_585,Root,585,IN,NE,8,IN-NE-8,1/2PDA++,10,WA-7-13-1
Root_586,endophyte,Juglans_nigra,Jn_endosphere_2020,GW20_586,Root,586,WA,SE,16,WA-SE-16,MSJ,10,WA-7-11
Root_59,endophyte,Juglans_nigra,Jn_endosphere_2020,GW20_59,Root,59,WA,SE,15,WA-SE-15,GYRBA,10,WA-1-7
Root_591,endophyte,Juglans_nigra,Jn_endosphere_2020,GW20_591,Root,591,WA,N,12,WA-N-12,SFA,10,WA-7-14
Root_613,endophyte,Juglans_nigra,Jn_endosphere_2020,GW20_613,Root,613,WA,N,3,WA-N-3,MSJ,10,WA-7-16
Root_615,endophyte,Juglans_nigra,Jn_endosphere_2020,GW20_615,Root,615,WA,SW,6,WA-SW-6,Armillaria,10,WA-7-17
Root_616,endophyte,Juglans_nigra,Jn_endosphere_2020,GW20_616,Root,616,WA,SW,5,WA-SW-5,Armillaria,10,WA-7-13
Root_618,endophyte,Juglans_nigra,Jn_endosphere_2020,GW20_618,Root,618,IN,NE,6,IN-NE-6,Armillaria,10,IN-7-14
Root_620,endophyte,Juglans_nigra,Jn_endosphere_2020,GW20_620,Root,620,IN,SW,10,IN-SW-10,GYRBA,10,IN-7-4
Root_625,endophyte,Juglans_nigra,Jn_endosphere_2020,GW20_625,Root,625,IN,SW,1,IN-SW-1,1/2PDA++,10,IN-7-16
Root_631,endophyte,Juglans_nigra,Jn_endosphere_2020,GW20_631,Root,631,WA,SE,1,WA-SE-1,MSJ,10,WA-7-13-2
Root_634,endophyte,Juglans_nigra,Jn_endosphere_2020,GW20_634,Root,634,WA,N,9,WA-N-9,GYRBA,10,WA-7-20
Root_637,endophyte,Juglans_nigra,Jn_endosphere_2020,GW20_637,Root,637,IN,SW,9,IN-SW-9,MSJ,10,IN-7-13
Root_638,endophyte,Juglans_nigra,Jn_endosphere_2020,GW20_638,Root,638,WA,SE,10,WA-SE-10,MSJ,10,WA-7-13
Root_71,endophyte,Juglans_nigra,Jn_endosphere_2020,GW20_71,Root,71,WA,SE,18,WA-SE-18,GYRBA,10,WA-1-9
Root_8,endophyte,Juglans_nigra,Jn_endosphere_2020,GW20_8,Root,8,WA,SE,3,WA-SE-3,Armillaria,10,WA-1-4
Root_81,endophyte,Juglans_nigra,Jn_endosphere_2020,GW20_81,Root,81,IN,SW,14,IN-SW-14,GYRBA,10,IN-1-10
Root_88,endophyte,Juglans_nigra,Jn_endosphere_2020,GW20_88,Root,88,IN,NE,11,IN-NE-11,GYRBA,10,IN-1-12
Root_103,endophyte,Juglans_nigra,Jn_endosphere_2020,GW20_103,Root,103,IN,NE,13,IN-NE-13,MSJ,10,IN-1-7
Root_105,endophyte,Juglans_nigra,Jn_endosphere_2020,GW20_105,Root,105,IN,NE,13,IN-NE-13,GYRBA,10,IN-2-1
Root_288,endophyte,Juglans_nigra,Jn_endosphere_2020,GW20_288,Root,288,WA,N,2,WA-N-2,SFA,10,WA-3-19
Root_306_2,endophyte,Juglans_nigra,Jn_endosphere_2020,GW20_306_2,Root,306,WA,SW,4,WA-SW-4,GYRBA,10,WA-4-9-2
Root_307_1,endophyte,Juglans_nigra,Jn_endosphere_2020,GW20_307_1,Root,307,WA,SW,4,WA-N-11,SFA,10,Single
Root_310_2,endophyte,Juglans_nigra,Jn_endosphere_2020,GW20_310_2,Root,310,WA,SW,4,WA-SW-4,1/2PDA++,10,WA-4-9-2
Root_311_2,endophyte,Juglans_nigra,Jn_endosphere_2020,GW20_311_2,Root,311,WA,SW,4,WA-SW-4,Armillaria,10,WA-4-5
Root_420,endophyte,Juglans_nigra,Jn_endosphere_2020,GW20_420,Root,420,WA,N,6,WA-N-6,MSJ,10,WA-5-21
Root_463,endophyte,Juglans_nigra,Jn_endosphere_2020,GW20_463,Root,463,WA,SE,19,WA-SE-19,GYRBA,10,WA-5-42
Root_476,endophyte,Juglans_nigra,Jn_endosphere_2020,GW20_476,Root,476,WA,N,3,WA-N-3,1/2PDA++,10,WA-5-48
Root_527,endophyte,Juglans_nigra,Jn_endosphere_2020,GW20_527,Root,527,WA,N,12,WA-N-12,MSJ,10,WA-6-6
Root_10,endophyte,Juglans_nigra,Jn_endosphere_2020,GW20_10,Root,10,WA,SE,3,WA-SE-3,Armillaria,10,WA-1-1
Root_131,endophyte,Juglans_nigra,Jn_endosphere_2020,GW20_131,Root,131,WA,N,1,WA-N-1,GYRBA,10,WA-2-9
Root_145,endophyte,Juglans_nigra,Jn_endosphere_2020,GW20_145,Root,145,IN,NE,17,IN-NE-17,Armillaria,10,IN-2-4
Root_146,endophyte,Juglans_nigra,Jn_endosphere_2020,GW20_146,Root,146,IN,NE,17,IN-NE-17,GYRBA,10,IN-2-4
Root_149,endophyte,Juglans_nigra,Jn_endosphere_2020,GW20_149,Root,149,IN,NE,17,IN-NE-17,GYRBA,10,IN-2-7
Root_150,endophyte,Juglans_nigra,Jn_endosphere_2020,GW20_150,Root,150,IN,NE,17,IN-NE-17,MSJ,10,IN-2-7
Root_178,endophyte,Juglans_nigra,Jn_endosphere_2020,GW20_178,Root,178,WA,SW,2,WA-SW-2,1/2PDA++,10,WA-3-2
Root_2,endophyte,Juglans_nigra,Jn_endosphere_2020,GW20_2,Root,2,WA,SE,3,WA-SE-3,1/2PDA++,10,WA-1-2
Root_232,endophyte,Juglans_nigra,Jn_endosphere_2020,GW20_232,Root,232,IN,NE,4,IN-NE-4,1/2PDA++,10,IN-3-10
Root_271,endophyte,Juglans_nigra,Jn_endosphere_2020,GW20_271,Root,271,IN,SW,2,IN-SW-2,MSJ,10,IN-3-18
Root_290,endophyte,Juglans_nigra,Jn_endosphere_2020,GW20_290,Root,290,WA,N,14,WA-N-14,SFA,10,WA-3-21
Root_335,endophyte,Juglans_nigra,Jn_endosphere_2020,GW20_335,Root,335,IN,NE,2,IN-NE-2,SFA,10,IN-4-5
Root_346,endophyte,Juglans_nigra,Jn_endosphere_2020,GW20_346,Root,346,IN,NE,2,IN-NE-2,Armillaria,10,IN-4-3
Root_388,endophyte,Juglans_nigra,Jn_endosphere_2020,GW20_388,Root,388,IN,SW,3,IN-SW-3,MSJ,10,IN-5-2
Root_4,endophyte,Juglans_nigra,Jn_endosphere_2020,GW20_4,Root,4,WA,SE,3,WA-SE-3,1/2PDA++,10,WA-1-1
Root_414,endophyte,Juglans_nigra,Jn_endosphere_2020,GW20_414,Root,414,WA,SW,19,WA-SW-19,GYRBA,10,WA-5-16
Root_43,endophyte,Juglans_nigra,Jn_endosphere_2020,GW20_43,Root,43,WA,SE,15,WA-SE-15,1/2PDA++,10,WA-1-2
Root_448,endophyte,Juglans_nigra,Jn_endosphere_2020,GW20_448,Root,448,WA,SE,30-5,WA-SE-30-5,1/2PDA++,10,WA-5-20
Root_454,endophyte,Juglans_nigra,Jn_endosphere_2020,GW20_454,Root,454,WA,N,3,WA-N-3,1/2PDA++,10,WA-5-4
Root_465,endophyte,Juglans_nigra,Jn_endosphere_2020,GW20_465,Root,465,WA,SE,19,WA-SE-19,GYRBA,10,WA-5-41
Root_478,endophyte,Juglans_nigra,Jn_endosphere_2020,GW20_478,Root,478,IN,NE,16,IN-NE-16,Armillaria,10,IN-5-2
Root_49,endophyte,Juglans_nigra,Jn_endosphere_2020,GW20_49,Root,49,WA,SE,15,WA-SE-15,1/2PDA++,10,WA-1-2
Root_503,endophyte,Juglans_nigra,Jn_endosphere_2020,GW20_503,Root,503,WA,N,18,WA-N-18,GYRBA,10,WA-5-16
Root_508,endophyte,Juglans_nigra,Jn_endosphere_2020,GW20_508,Root,508,WA,N,18,WA-N-18,GYRBA,10,WA-5-52
Root_511,endophyte,Juglans_nigra,Jn_endosphere_2020,GW20_511,Root,511,WA,N,11,WA-N-11,GYRBA,10,WA-6-1
Root_516,endophyte,Juglans_nigra,Jn_endosphere_2020,GW20_516,Root,516,WA,SE,20,WA-SE-20,GYRBA,10,WA-6-2
Root_523,endophyte,Juglans_nigra,Jn_endosphere_2020,GW20_523,Root,523,IN,NE,5,IN-NE-5,MSJ,10,IN-6-3
Root_524,endophyte,Juglans_nigra,Jn_endosphere_2020,GW20_524,Root,524,IN,NE,5,IN-NE-5,MSJ,10,IN-6-3
Root_526,endophyte,Juglans_nigra,Jn_endosphere_2020,GW20_526,Root,526,IN,NE,6,IN-NE-6,SFA,10,IN-6-4
Root_528,endophyte,Juglans_nigra,Jn_endosphere_2020,GW20_528,Root,528,WA,N,12,WA-N-12,MSJ,10,WA-6-6
Root_532,endophyte,Juglans_nigra,Jn_endosphere_2020,GW20_532,Root,532,IN,NE,2,IN-NE-2,SFA,10,IN-6-6
Root_533,endophyte,Juglans_nigra,Jn_endosphere_2020,GW20_533,Root,533,WA,N,16,WA-N-16,1/2PDA++,10,WA-6-8
Root_560,endophyte,Juglans_nigra,Jn_endosphere_2020,GW20_560,Root,560,WA,SE,6,WA-SE-6,MSJ,10,WA-7-2
Root_561,endophyte,Juglans_nigra,Jn_endosphere_2020,GW20_561,Root,561,WA,SE,6,WA-SE-6,MSJ,10,WA-7-2
Root_591,endophyte,Juglans_nigra,Jn_endosphere_2020,GW20_591,Root,591,WA,N,12,WA-N-12,SFA,10,WA-7-14
Root_595,endophyte,Juglans_nigra,Jn_endosphere_2020,GW20_595,Root,595,WA,N,9,WA-N-9,1/2PDA++,10,WA-7-8
Root_596,endophyte,Juglans_nigra,Jn_endosphere_2020,GW20_596,Root,596,WA,SE,6,WA-SE-6,GYRBA,10,WA-7-15
Root_597,endophyte,Juglans_nigra,Jn_endosphere_2020,GW20_597,Root,597,WA,SE,6,WA-SE-6,GYRBA,10,WA-7-15
Root_6,endophyte,Juglans_nigra,Jn_endosphere_2020,GW20_6,Root,6,WA,SE,3,WA-SE-3,Armillaria,10,WA-1-1
Root_606,endophyte,Juglans_nigra,Jn_endosphere_2020,GW20_606,Root,606,IN,NE,2,IN-NE-2,1/2PDA++,10,IN-7-10
Root_619,endophyte,Juglans_nigra,Jn_endosphere_2020,GW20_619,Root,619,WA,SE,8,WA-SE-8,MSJ,10,WA-7-3
Root_621,endophyte,Juglans_nigra,Jn_endosphere_2020,GW20_621,Root,621,IN,SW,10,IN-SW-10,GYRBA,10,IN-7-15
Root_632,endophyte,Juglans_nigra,Jn_endosphere_2020,GW20_632,Root,632,WA,SW,6,WA-SW-6,Armillaria,10,WA-7-15
Root_635,endophyte,Juglans_nigra,Jn_endosphere_2020,GW20_635,Root,635,IN,NE,2,IN-NE-2,GYRBA,10,IN-7-9
Root_64,endophyte,Juglans_nigra,Jn_endosphere_2020,GW20_64,Root,64,WA,SE,17,WA-SE-17,MSJ,10,WA-1-2
Root_642,endophyte,Juglans_nigra,Jn_endosphere_2020,GW20_642,Root,642,WA,N,18,WA-N-18,GYRBA,10,M-8-2
Root_643,endophyte,Juglans_nigra,Jn_endosphere_2020,GW20_643,Root,643,WA,NE,16,WA-NE-16,GYRBA,10,M-8-1
Root_645,endophyte,Juglans_nigra,Jn_endosphere_2020,GW20_645,Root,645,WA,SE,20,WA-SE-20,MSJ,10,Single
Root_646,endophyte,Juglans_nigra,Jn_endosphere_2020,GW20_646,Root,646,IN,NE,6,IN-NE-6,1/2PDA++,10,M-8-3
Root_647,endophyte,Juglans_nigra,Jn_endosphere_2020,GW20_647,Root,647,IN,SW,6,IN-SW-6,GYRBA,10,Single
Root_649,endophyte,Juglans_nigra,Jn_endosphere_2020,GW20_649,Root,649,IN,SW,6,IN-SW-6,GYRBA,10,M-8-5
Root_652,endophyte,Juglans_nigra,Jn_endosphere_2020,GW20_652,Root,652,IN,NE,16,IN-NE-16,1/2PDA++,10,M-8-6
Root_653,endophyte,Juglans_nigra,Jn_endosphere_2020,GW20_653,Root,653,WA,SE,10,WA-SE-10,Armillaria,10,M-8-7
Root_654,endophyte,Juglans_nigra,Jn_endosphere_2020,GW20_654,Root,654,WA,SE,10,WA-SE-10,Armillaria,10,M-8-9
Root_655,endophyte,Juglans_nigra,Jn_endosphere_2020,GW20_655,Root,655,IN,NE,16,IN-NE-16,Armillaria,10,M-8-8
Root_656,endophyte,Juglans_nigra,Jn_endosphere_2020,GW20_656,Root,656,WA,SW,3,WA-SW-3,Armillaria,10,M-8-17
Root_657,endophyte,Juglans_nigra,Jn_endosphere_2020,GW20_657,Root,657,IN,SW,5,IN-SW-5,MSJ,10,M-8-16
Root_676,endophyte,Juglans_nigra,Jn_endosphere_2020,GW20_676,Root,676,IN,NE,7,IN-NE-7,MSJ,10,M-8-13
Root_68,endophyte,Juglans_nigra,Jn_endosphere_2020,GW20_68,Root,68,WA,SE,18,WA-SE-18,Armillaria,10,WA-1-1
Root_78,endophyte,Juglans_nigra,Jn_endosphere_2020,GW20_78,Root,78,IN,SW,14,IN-SW-14,GYRBA,10,IN-1-6
Root_85,endophyte,Juglans_nigra,Jn_endosphere_2020,GW20_85,Root,85,IN,NE,11,IN-NE-11,Armillaria,10,IN-1-11
Root_91,endophyte,Juglans_nigra,Jn_endosphere_2020,GW20_91,Root,91,IN,NE,11,IN-NE-11,GYRBA,10,IN-1-11
Root_98,endophyte,Juglans_nigra,Jn_endosphere_2020,GW20_98,Root,98,IN,SW,14,IN-SW-14,GYRBA,10,IN-1-6
Canker_20,endophyte,Juglans_nigra,Jn_endosphere_2020,GW_Cank20_20,Canker,20,WA,N,7,WA-N-7,1/2PDA++,5,CM-11
Canker_71,endophyte,Juglans_nigra,Jn_endosphere_2020,GW_Cank20_71,Canker,71,WA,SE,16,WA-SE-16,1/2PDA++,4,CM-2
Canker_75,endophyte,Juglans_nigra,Jn_endosphere_2020,GW_Cank20_75,Canker,75,WA,SE,8,WA-SE-8,1/2PDA++,5,Single
Canker_64,endophyte,Juglans_nigra,Jn_endosphere_2020,GW_Cank20_64,Canker,64,IN,NE,13,IN-NE-13,1/2PDA++,5,CM-4
Canker_98,endophyte,Juglans_nigra,Jn_endosphere_2020,GW_Cank20_98,Canker,98,WA,SW,14,WA-SW-14,1/2PDA++,5,CM-33
Canker_130,endophyte,Juglans_nigra,Jn_endosphere_2020,GW_Cank20_130,Canker,130,IN,NE,9,IN-NE-9,1/2PDA++,5,CM-44
Canker_29,endophyte,Juglans_nigra,Jn_endosphere_2020,GW_Cank20_29,Canker,29,WA,SE,1,WA-SE-1,1/2PDA++,3,CM-19
Canker_50,endophyte,Juglans_nigra,Jn_endosphere_2020,GW_Cank20_50,Canker,50,IN,NE,17,IN-NE-17,1/2PDA++,5,CM-13
Canker_8,endophyte,Juglans_nigra,Jn_endosphere_2020,GW_Cank20_8,Canker,8,IN,NE,4,IN-NE-4,1/2PDA++,5,CM-16
Canker_94,endophyte,Juglans_nigra,Jn_endosphere_2020,GW_Cank20_94,Canker,94,WA,SW,7,WA-SW-7,1/2PDA++,2,CM-35
Root_114,endophyte,Juglans_nigra,Jn_endosphere_2020,GW20_114,Root,114,IN,SW,15,IN-SW-15,SFA,10,IN-2-2
Root_115,endophyte,Juglans_nigra,Jn_endosphere_2020,GW20_115,Root,115,IN,NE,12,IN-NE-12,GYRBA,10,IN-2-3
Root_254,endophyte,Juglans_nigra,Jn_endosphere_2020,GW20_254,Root,254,IN,NE,6,IN-NE-6,GYRBA,10,IN-3-13
Root_279,endophyte,Juglans_nigra,Jn_endosphere_2020,GW20_279,Root,279,IN,NE,8,IN-NE-8,GYRBA,10,IN-3-23
Root_285,endophyte,Juglans_nigra,Jn_endosphere_2020,GW20_285,Root,285,IN,NE,11,IN-NE-11,MSJ,10,IN-3-25
Root_286,endophyte,Juglans_nigra,Jn_endosphere_2020,GW20_286,Root,286,IN,NE,11,IN-NE-11,MSJ,10,IN-3-26
Root_310_1,endophyte,Juglans_nigra,Jn_endosphere_2020,GW20_310_1,Root,310,WA,SW,4,WA-N-11,SFA,10,WA-4-9-1
Root_319,endophyte,Juglans_nigra,Jn_endosphere_2020,GW20_319,Root,319,WA,SW,8,WA-SW-8,1/2PDA++,10,Single
Root_40,endophyte,Juglans_nigra,Jn_endosphere_2020,GW20_40,Root,40,IN,NE,13,IN-NE-13,Armillaria,10,IN-1-8
Root_406,endophyte,Juglans_nigra,Jn_endosphere_2020,GW20_406,Root,406,WA,NE,3,WA-NE-3,MSJ,10,WA-5-14
Root_421,endophyte,Juglans_nigra,Jn_endosphere_2020,GW20_421,Root,421,WA,N,6,WA-N-6,MSJ,10,WA-5-22
Root_423,endophyte,Juglans_nigra,Jn_endosphere_2020,GW20_423,Root,423,WA,N,6,WA-N-6,1/2PDA++,10,WA-5-24
Root_431,endophyte,Juglans_nigra,Jn_endosphere_2020,GW20_431,Root,431,WA,SW,3,WA-SW-3,1/2PDA++,10,WA-5-14
Root_449,endophyte,Juglans_nigra,Jn_endosphere_2020,GW20_449,Root,449,WA,SE,30-5,WA-SE-30-5,MSJ,10,WA-5-36
Root_483,endophyte,Juglans_nigra,Jn_endosphere_2020,GW20_483,Root,483,IN,SW,5,IN-SW-5,GYRBA,10,IN-5-8
Root_488,endophyte,Juglans_nigra,Jn_endosphere_2020,GW20_488,Root,488,WA,SE,20,WA-SE-20,Armillaria,10,WA-5-49
Root_500,endophyte,Juglans_nigra,Jn_endosphere_2020,GW20_500,Root,500,WA,N,18,WA-N-18,Armillaria,10,WA-5-50
Root_521,endophyte,Juglans_nigra,Jn_endosphere_2020,GW20_521,Root,521,IN,NE,5,IN-NE-5,MSJ,10,IN-6-2
Root_529,endophyte,Juglans_nigra,Jn_endosphere_2020,GW20_529,Root,529,IN,NE,11,IN-NE-11,SFA,10,IN-6-5-1
Root_594,endophyte,Juglans_nigra,Jn_endosphere_2020,GW20_594,Root,594,WA,SE,8,WA-SE-8,Armillaria,10,WA-7-11
Root_629,endophyte,Juglans_nigra,Jn_endosphere_2020,GW20_629,Root,629,WA,N,7,WA-N-7,MSJ,10,WA-7-6
Root_63,endophyte,Juglans_nigra,Jn_endosphere_2020,GW20_63,Root,63,WA,SE,17,WA-SE-17,MSJ,10,WA-1-8
Root_641,endophyte,Juglans_nigra,Jn_endosphere_2020,GW20_641,Root,641,WA,SE,10,WA-SE-10,MSJ,10,M-8-13
Root_95,endophyte,Juglans_nigra,Jn_endosphere_2020,GW20_95,Root,95,IN,NE,11,IN-NE-11,GYRBA,10,IN-1-13